{
  "f_max": 2.0000000000000067,
  "matrix_shape": [
    8,
    8
  ],
  "best_fitness_history": [
    5.999999999999982,
    3.999999999999918,
    3.999999999999918,
    2.0000000000000067,
    2.0000000000000067
  ],
  "avg_fitness_history": [
    9.979626888939874,
    8.200644929893421,
    6.26966521142469,
    5.004447591379217,
    4.4712598196523565
  ]
}