{
  "f_max": 2.0000000000000058,
  "matrix_shape": [
    8,
    8
  ],
  "best_fitness_history": [
    2.000000000000006,
    2.000000000000006,
    2.0000000000000058,
    2.0000000000000058,
    2.0000000000000058
  ],
  "avg_fitness_history": [
    8.975123545342027,
    7.1136714683230835,
    5.235439996696044,
    4.252016077230128,
    3.755193288621407
  ]
}